-- phpMyAdmin SQL Dump
-- version 4.3.12
-- http://www.phpmyadmin.net
--
-- Хост: localhost
-- Время создания: Мар 26 2015 г., 13:32
-- Версия сервера: 5.5.37-0ubuntu0.13.10.1
-- Версия PHP: 5.5.3-1ubuntu2.6

SET SQL_MODE = "NO_AUTO_VALUE_ON_ZERO";
SET time_zone = "+00:00";


/*!40101 SET @OLD_CHARACTER_SET_CLIENT=@@CHARACTER_SET_CLIENT */;
/*!40101 SET @OLD_CHARACTER_SET_RESULTS=@@CHARACTER_SET_RESULTS */;
/*!40101 SET @OLD_COLLATION_CONNECTION=@@COLLATION_CONNECTION */;
/*!40101 SET NAMES utf8 */;

--
-- База данных: `aggregator-rent`
--

-- --------------------------------------------------------

--
-- Структура таблицы `categories`
--

CREATE TABLE IF NOT EXISTS `categories` (
  `id` int(11) NOT NULL,
  `title` varchar(255) NOT NULL COMMENT 'категория (аренда, покупка и тд.)',
  `parent_id` int(11) DEFAULT NULL
) ENGINE=InnoDB AUTO_INCREMENT=2 DEFAULT CHARSET=utf8;

--
-- Дамп данных таблицы `categories`
--

INSERT INTO `categories` (`id`, `title`, `parent_id`) VALUES
(1, 'Аренда квартир (долгострочная)', NULL);

-- --------------------------------------------------------

--
-- Структура таблицы `categories_sites`
--

CREATE TABLE IF NOT EXISTS `categories_sites` (
  `id` int(11) NOT NULL,
  `title_selector` varchar(255) NOT NULL,
  `description_selector` varchar(255) NOT NULL,
  `site_id` int(11) NOT NULL,
  `category_id` int(11) NOT NULL,
  `path_url` varchar(255) NOT NULL,
  `page_iterator_selector` varchar(255) NOT NULL,
  `a_selector` varchar(255) DEFAULT NULL
) ENGINE=InnoDB AUTO_INCREMENT=3 DEFAULT CHARSET=utf8;

--
-- Дамп данных таблицы `categories_sites`
--

INSERT INTO `categories_sites` (`id`, `title_selector`, `description_selector`, `site_id`, `category_id`, `path_url`, `page_iterator_selector`, `a_selector`) VALUES
(1, '', '', 1, 1, '/аренда-квартир-киев', '.obj', '.obj-left > h3 > span > a'),
(2, 'h1.head-cars', '.description-view > p', 2, 1, '/ru/search/?category=1&realty_type=0&advert_type=3&state_id=0&city_id=0&with_photo=0&characteristic%5B209%5D%5Bfrom%5D=&characteristic%5B209%5D%5Bto%5D=&characteristic%5B214%5D%5Bfrom%5D=&characteristic%5B214%5D%5Bto%5D=&characteristic%5B235%5D%5Bfrom%5D=', '.ticket-item', 'span.view-all > a');

-- --------------------------------------------------------

--
-- Структура таблицы `category_properties`
--

CREATE TABLE IF NOT EXISTS `category_properties` (
  `id` int(11) NOT NULL,
  `property_id` int(11) NOT NULL,
  `category_id` int(11) NOT NULL,
  `value_selector` varchar(255) NOT NULL
) ENGINE=InnoDB AUTO_INCREMENT=6 DEFAULT CHARSET=utf8;

--
-- Дамп данных таблицы `category_properties`
--

INSERT INTO `category_properties` (`id`, `property_id`, `category_id`, `value_selector`) VALUES
(1, 1, 1, '.left-bar-view > div.delimeter:eq(1) p.item-param:eq(2)  strong'),
(2, 2, 1, '.price-seller > .price'),
(3, 3, 1, '.price-seller > .price + span '),
(4, 4, 1, 'p:contains(общая площадь) > strong'),
(5, 5, 1, 'p:contains(жилая площадь) > strong');

-- --------------------------------------------------------

--
-- Структура таблицы `cities`
--

CREATE TABLE IF NOT EXISTS `cities` (
  `id` int(11) NOT NULL,
  `region_id` int(11) NOT NULL,
  `title` varchar(255) NOT NULL
) ENGINE=InnoDB AUTO_INCREMENT=1024 DEFAULT CHARSET=utf8;

--
-- Дамп данных таблицы `cities`
--

INSERT INTO `cities` (`id`, `region_id`, `title`) VALUES
(1, 13, 'Яворів'),
(2, 9, 'Яготин'),
(3, 7, 'Якимівка'),
(4, 11, 'Ялта'),
(5, 4, 'Ялта'),
(6, 1, 'Ямпіль'),
(7, 18, 'Ямпіль'),
(8, 8, 'Яремче'),
(9, 22, 'Ярмолинці'),
(10, 4, 'Ясинувата'),
(11, 3, 'Юр’ївка'),
(12, 11, 'Новоозерне'),
(13, 12, 'Новопсков'),
(14, 25, 'Новоселиця'),
(15, 21, 'Новотроїцьке'),
(16, 10, 'Новоукраїнка'),
(17, 13, 'Новояворівськ'),
(18, 24, 'Носівка'),
(19, 23, 'Жашків'),
(20, 13, 'Жидачів'),
(21, 5, 'Житомир'),
(22, 1, 'Жмеринка'),
(23, 13, 'Жовква'),
(24, 3, 'Жовті Води'),
(25, 8, 'Заболотів'),
(26, 19, 'Заліщики'),
(27, 7, 'Запоріжжя'),
(28, 17, 'Зарічне'),
(29, 25, 'Заставна'),
(30, 15, 'Затока'),
(31, 20, 'Зачепилівка'),
(32, 19, 'Збараж'),
(33, 19, 'Зборів'),
(34, 23, 'Звенигородка'),
(35, 9, 'Згурівка'),
(36, 17, 'Здолбунів'),
(37, 16, 'Зіньків'),
(38, 20, 'Зміїв'),
(39, 10, 'Знам’янка'),
(40, 23, 'Золотоноша'),
(41, 13, 'Золочів'),
(42, 20, 'Золочів'),
(43, 20, 'Дворічна'),
(44, 4, 'Дебальцеве'),
(45, 8, 'Делятин'),
(46, 17, 'Демидівка'),
(47, 22, 'Деражня'),
(48, 20, 'Дергачі'),
(49, 24, 'Десна'),
(50, 11, 'Джанкой'),
(51, 4, 'Дзержинськ'),
(52, 5, 'Дзержинськ'),
(53, 16, 'Диканька'),
(54, 9, 'Димер'),
(55, 3, 'Дніпродзержинськ'),
(56, 3, 'Дніпропетровськ'),
(57, 7, 'Дніпрорудне'),
(58, 10, 'Добровеличківка'),
(59, 4, 'Добропілля'),
(60, 4, 'Докучаєвськ'),
(61, 8, 'Долина'),
(62, 10, 'Долинська'),
(63, 14, 'Доманівка'),
(64, 4, 'Донецьк'),
(65, 23, 'Драбів'),
(66, 13, 'Дрогобич'),
(67, 4, 'Дружківка'),
(68, 17, 'Дубно'),
(69, 17, 'Дубровиця'),
(70, 22, 'Дунаївці'),
(71, 7, 'Енергодар'),
(72, 20, 'Валки'),
(73, 1, 'Вапнярка'),
(74, 24, 'Варва'),
(75, 7, 'Василівка'),
(76, 9, 'Васильків'),
(77, 3, 'Васильківка'),
(78, 23, 'Ватутіне'),
(79, 16, 'Велика Багачка'),
(80, 7, 'Велика Білозерка'),
(81, 21, 'Велика Лепетиха'),
(82, 15, 'Велика Михайлівка'),
(83, 4, 'Велика Новосілка'),
(84, 21, 'Велика Олександрівка'),
(85, 18, 'Велика Писарівка'),
(86, 6, 'Великий Березний'),
(87, 20, 'Великий Бурлук'),
(88, 21, 'Верхній Рогачик'),
(89, 3, 'Верхньодніпровськ'),
(90, 8, 'Верховина'),
(91, 7, 'Веселе'),
(92, 14, 'Веселинове'),
(93, 25, 'Вижниця'),
(94, 15, 'Вилкове'),
(95, 6, 'Виноградів'),
(96, 21, 'Високопілля'),
(97, 9, 'Вишгород'),
(98, 9, 'Вишневе'),
(99, 3, 'Вільногірськ'),
(100, 7, 'Вільнянськ'),
(101, 10, 'Вільшанка'),
(102, 16, 'Гадяч'),
(103, 10, 'Гайворон'),
(104, 1, 'Гайсин'),
(105, 8, 'Галич'),
(106, 11, 'Гаспра'),
(107, 21, 'Генічеськ'),
(108, 25, 'Герца'),
(109, 9, 'Глеваха'),
(110, 25, 'Глибока'),
(111, 16, 'Глобине'),
(112, 18, 'Глухів'),
(113, 1, 'Гнівань'),
(114, 21, 'Гола Пристань'),
(115, 10, 'Голованівськ'),
(116, 4, 'Горлівка'),
(117, 21, 'Горностаївка'),
(118, 8, 'Городенка'),
(119, 23, 'Городище'),
(120, 24, 'Городня'),
(121, 13, 'Городок'),
(122, 22, 'Городок'),
(123, 2, 'Горохів'),
(124, 9, 'Гостомель'),
(125, 17, 'Гоща'),
(126, 16, 'Гребінка'),
(127, 9, 'Гребінки'),
(128, 7, 'Гуляйполе'),
(129, 11, 'Гурзуф'),
(130, 19, 'Гусятин'),
(131, 11, 'Алупка'),
(132, 11, 'Алушта'),
(133, 12, 'Алчевськ'),
(134, 4, 'Амвросіївка'),
(135, 15, 'Ананьїв'),
(136, 5, 'Андрушівка'),
(137, 12, 'Антрацит'),
(138, 3, 'Апостолове'),
(139, 14, 'Арбузинка'),
(140, 11, 'Армянськ'),
(141, 4, 'Артемівськ'),
(142, 15, 'Арциз'),
(143, 21, 'Асканія-Нова'),
(144, 20, 'Балаклія'),
(145, 15, 'Балта'),
(146, 1, 'Бар'),
(147, 5, 'Баранівка'),
(148, 20, 'Барвінкове'),
(149, 9, 'Баришівка'),
(150, 24, 'Батурин'),
(151, 24, 'Бахмач'),
(152, 11, 'Бахчисарай'),
(153, 14, 'Баштанка'),
(154, 5, 'Бердичів'),
(155, 7, 'Бердянськ'),
(156, 6, 'Берегове'),
(157, 19, 'Бережани'),
(158, 14, 'Березанка'),
(159, 9, 'Березань'),
(160, 15, 'Березівка'),
(161, 17, 'Березне'),
(162, 14, 'Березнегувате'),
(163, 21, 'Берислав'),
(164, 1, 'Бершадь'),
(165, 9, 'Біла Церква'),
(166, 15, 'Білгород-Дністровський'),
(167, 12, 'Біловодськ'),
(168, 11, 'Білогірськ'),
(169, 22, 'Білогір’я'),
(170, 21, 'Білозерка'),
(171, 12, 'Білокуракине'),
(172, 18, 'Білопілля'),
(173, 15, 'Біляївка'),
(174, 23, 'Монастирище'),
(175, 13, 'Моршин'),
(176, 13, 'Мостиська'),
(177, 6, 'Мукачеве'),
(178, 1, 'Муровані Курилівці'),
(179, 23, 'Монастирище'),
(180, 13, 'Моршин'),
(181, 13, 'Мостиська'),
(182, 6, 'Мукачеве'),
(183, 1, 'Муровані Курилівці'),
(184, 20, 'Близнюки'),
(185, 10, 'Бобринець'),
(186, 24, 'Бобровиця'),
(187, 20, 'Богодухів'),
(188, 8, 'Богородчани'),
(189, 9, 'Богуслав'),
(190, 15, 'Болград'),
(191, 8, 'Болехів'),
(192, 24, 'Борзна'),
(193, 13, 'Борислав'),
(194, 9, 'Бориспіль'),
(195, 20, 'Борова'),
(196, 9, 'Бородянка'),
(197, 19, 'Борщів'),
(198, 9, 'Боярка'),
(199, 1, 'Браїлів'),
(200, 14, 'Братське'),
(201, 1, 'Брацлав'),
(202, 9, 'Бровари'),
(203, 13, 'Броди'),
(204, 5, 'Брусилів'),
(205, 13, 'Брюховичі'),
(206, 12, 'Брянка'),
(207, 18, 'Буринь'),
(208, 8, 'Бурштин'),
(209, 13, 'Буськ'),
(210, 9, 'Буча'),
(211, 19, 'Бучач'),
(212, 24, 'Прилуки'),
(213, 7, 'Приморськ'),
(214, 11, 'Приморський'),
(215, 13, 'Пустомити'),
(216, 18, 'Путивль'),
(217, 25, 'Путила'),
(218, 24, 'Прилуки'),
(219, 7, 'Приморськ'),
(220, 11, 'Приморський'),
(221, 13, 'Пустомити'),
(222, 18, 'Путивль'),
(223, 25, 'Путила'),
(224, 11, 'Євпаторія'),
(225, 14, 'Єланець'),
(226, 5, 'Ємільчине'),
(227, 4, 'Єнакієве'),
(228, 3, 'Павлоград'),
(229, 11, 'Партеніт'),
(230, 12, 'Первомайськ'),
(231, 14, 'Первомайськ'),
(232, 11, 'Первомайське'),
(233, 20, 'Первомайський'),
(234, 12, 'Перевальськ'),
(235, 13, 'Перемишляни'),
(236, 6, 'Перечин'),
(237, 9, 'Переяслав-Хмельницький'),
(238, 3, 'Першотравенськ'),
(239, 3, 'Петриківка'),
(240, 10, 'Петрове'),
(241, 3, 'Петропавлівка'),
(242, 20, 'Печеніги'),
(243, 16, 'Пирятин'),
(244, 14, 'Південноукраїнськ'),
(245, 19, 'Підволочиськ'),
(246, 19, 'Підгайці'),
(247, 9, 'Пірнове'),
(248, 1, 'Піщанка'),
(249, 1, 'Погребище'),
(250, 3, 'Покровське'),
(251, 7, 'Пологи'),
(252, 22, 'Полонне'),
(253, 16, 'Полтава'),
(254, 12, 'Попасна'),
(255, 5, 'Попільня'),
(256, 19, 'Почаїв'),
(257, 7, 'Приазовське'),
(258, 8, 'Надвірна'),
(259, 5, 'Народичі'),
(260, 18, 'Недригайлів'),
(261, 1, 'Немирів'),
(262, 9, 'Немішаєве'),
(263, 22, 'Нетішин'),
(264, 21, 'Нижні Сірогози'),
(265, 11, 'Нижньогірський'),
(266, 24, 'Ніжин'),
(267, 3, 'Нікополь'),
(268, 20, 'Нова Водолага'),
(269, 21, 'Нова Каховка'),
(270, 14, 'Нова Одеса'),
(271, 22, 'Нова Ушиця'),
(272, 10, 'Новгородка'),
(273, 24, 'Новгород-Сіверський'),
(274, 14, 'Новий Буг'),
(275, 13, 'Новий Роздол'),
(276, 11, 'Новий Світ'),
(277, 16, 'Нові Санжари'),
(278, 4, 'Новоазовськ'),
(279, 12, 'Новоайдар'),
(280, 10, 'Новоархангельськ'),
(281, 2, 'Нововолинськ'),
(282, 21, 'Нововоронцовка'),
(283, 5, 'Новоград-Волинський'),
(284, 25, 'Новодністровськ'),
(285, 7, 'Новомиколаївка'),
(286, 10, 'Новомиргород'),
(287, 3, 'Новомосковськ'),
(288, 9, 'Обухів'),
(289, 15, 'Овідіополь'),
(290, 5, 'Овруч'),
(291, 15, 'Одеса'),
(292, 5, 'Олевськ'),
(293, 4, 'Олександрівка'),
(294, 10, 'Олександрівка'),
(295, 12, 'Олександрівськ'),
(296, 10, 'Олександрія'),
(297, 10, 'Онуфріївка'),
(298, 1, 'Оратів'),
(299, 3, 'Орджонікідзе'),
(300, 11, 'Ореанда'),
(301, 16, 'Оржиця'),
(302, 7, 'Оріхів'),
(303, 24, 'Остер'),
(304, 17, 'Острог'),
(305, 18, 'Охтирка'),
(306, 14, 'Очаків'),
(307, 1, 'Ладижин'),
(308, 21, 'Лазурне'),
(309, 19, 'Ланівці'),
(310, 18, 'Лебедин'),
(311, 11, 'Леніне'),
(312, 22, 'Летичів'),
(313, 15, 'Лиманське'),
(314, 18, 'Липова Долина'),
(315, 1, 'Липовець'),
(316, 12, 'Лисичанськ'),
(317, 23, 'Лисянка'),
(318, 11, 'Лівадія'),
(319, 1, 'Літин'),
(320, 20, 'Лозова'),
(321, 2, 'Локачі'),
(322, 16, 'Лохвиця'),
(323, 16, 'Лубни'),
(324, 12, 'Луганськ'),
(325, 5, 'Лугини'),
(326, 12, 'Лутугине'),
(327, 2, 'Луцьк'),
(328, 13, 'Львів'),
(329, 5, 'Любар'),
(330, 15, 'Любашівка'),
(331, 2, 'Любешів'),
(332, 2, 'Любомль'),
(333, 3, 'Магдалинівка'),
(334, 9, 'Макарів'),
(335, 4, 'Макіївка'),
(336, 10, 'Мала Виска'),
(337, 5, 'Малин'),
(338, 4, 'Мангуш'),
(339, 2, 'Маневичі'),
(340, 23, 'Маньківка'),
(341, 3, 'Марганець'),
(342, 4, 'Маріуполь'),
(343, 4, 'Мар’їнка'),
(344, 12, 'Марківка'),
(345, 11, 'Масандра'),
(346, 16, 'Машівка'),
(347, 22, 'Меджибіж'),
(348, 3, 'Межова'),
(349, 7, 'Мелітополь'),
(350, 24, 'Мена'),
(351, 20, 'Мерефа'),
(352, 13, 'Миколаїв'),
(353, 14, 'Миколаїв'),
(354, 15, 'Миколаївка'),
(355, 16, 'Миргород'),
(356, 9, 'Миронівка'),
(357, 7, 'Михайлівка'),
(358, 6, 'Міжгір’я'),
(359, 12, 'Мілове'),
(360, 17, 'Млинів'),
(361, 1, 'Могилів-Подільський'),
(362, 19, 'Монастириська'),
(363, 9, 'Кагарлик'),
(364, 14, 'Казанка'),
(365, 21, 'Каланчак'),
(366, 1, 'Калинівка'),
(367, 9, 'Калинівка'),
(368, 9, 'Калита'),
(369, 8, 'Калуш'),
(370, 2, 'Камінь-Каширський'),
(371, 22, 'Кам’янець-Подільський'),
(372, 23, 'Кам’янка'),
(373, 13, 'Кам’янка-Бузька'),
(374, 7, 'Кам’янка-Дніпровська'),
(375, 23, 'Канів'),
(376, 16, 'Карлівка'),
(377, 23, 'Катеринопіль'),
(378, 21, 'Каховка'),
(379, 11, 'Кача'),
(380, 20, 'Кегичівка'),
(381, 25, 'Кельменці'),
(382, 11, 'Керч'),
(383, 9, 'Київ'),
(384, 2, 'Ківерці'),
(385, 15, 'Кілія'),
(386, 10, 'Кіровоград'),
(387, 12, 'Кіровськ'),
(388, 11, 'Кіровське'),
(389, 4, 'Кіровське'),
(390, 25, 'Кіцмань'),
(391, 9, 'Клавдієво-Тарасове'),
(392, 16, 'Кобеляки'),
(393, 4, 'Слов’янськ'),
(394, 23, 'Сміла'),
(395, 14, 'Снігурівка'),
(396, 4, 'Сніжне'),
(397, 8, 'Снятин'),
(398, 11, 'Совєтський'),
(399, 13, 'Сокаль'),
(400, 25, 'Сокиряни'),
(401, 3, 'Солоне'),
(402, 6, 'Солотвино'),
(403, 24, 'Сосниця'),
(404, 3, 'Софіївка'),
(405, 24, 'Срібне'),
(406, 9, 'Ставище'),
(407, 12, 'Станиця Луганська'),
(408, 2, 'Стара Вижівка'),
(409, 22, 'Стара Синява'),
(410, 13, 'Старий Самбір'),
(411, 4, 'Старобешеве'),
(412, 12, 'Старобільськ'),
(413, 22, 'Старокостянтинів'),
(414, 12, 'Стаханов'),
(415, 25, 'Сторожинець'),
(416, 13, 'Стрий'),
(417, 11, 'Судак'),
(418, 18, 'Суми'),
(419, 13, 'Східниця'),
(420, 2, 'Ковель'),
(421, 15, 'Кодима'),
(422, 24, 'Козелець'),
(423, 16, 'Козельщина'),
(424, 9, 'Козин'),
(425, 19, 'Козлів'),
(426, 19, 'Козова'),
(427, 1, 'Козятин'),
(428, 11, 'Коктебель'),
(429, 20, 'Коломак'),
(430, 8, 'Коломия'),
(431, 15, 'Комінтернівське'),
(432, 10, 'Компаніївка'),
(433, 16, 'Комсомольськ'),
(434, 18, 'Конотоп'),
(435, 11, 'Кореїз'),
(436, 17, 'Корець'),
(437, 24, 'Короп'),
(438, 5, 'Коростень'),
(439, 5, 'Коростишів'),
(440, 23, 'Корсунь-Шевченківський'),
(441, 24, 'Корюківка'),
(442, 8, 'Косів'),
(443, 17, 'Костопіль'),
(444, 4, 'Костянтинівка'),
(445, 16, 'Котельва'),
(446, 15, 'Котовськ'),
(447, 9, 'Коцюбинське'),
(448, 4, 'Краматорськ'),
(449, 22, 'Красилів'),
(450, 4, 'Красний Лиман'),
(451, 12, 'Красний Луч'),
(452, 15, 'Красні Окни'),
(453, 4, 'Красноармійськ'),
(454, 11, 'Красногвардійське'),
(455, 20, 'Красноград'),
(456, 12, 'Краснодон'),
(457, 20, 'Краснокутськ'),
(458, 11, 'Красноперекопськ'),
(459, 18, 'Краснопілля'),
(460, 19, 'Кременець'),
(461, 16, 'Кременчук'),
(462, 12, 'Кремінна'),
(463, 14, 'Криве Озеро'),
(464, 3, 'Кривий Ріг'),
(465, 1, 'Крижопіль'),
(466, 3, 'Кринички'),
(467, 18, 'Кролевець'),
(468, 17, 'Кузнецовськ'),
(469, 7, 'Куйбишеве'),
(470, 24, 'Куликівка'),
(471, 20, 'Куп’янськ'),
(472, 2, 'Іваничі'),
(473, 15, 'Іванівка'),
(474, 21, 'Іванівка'),
(475, 9, 'Іванків'),
(476, 8, 'Івано-Франківськ'),
(477, 15, 'Ізмаїл'),
(478, 20, 'Ізюм'),
(479, 22, 'Ізяслав'),
(480, 1, 'Іллінці'),
(481, 15, 'Іллічівськ'),
(482, 4, 'Іловайськ'),
(483, 9, 'Ірпінь'),
(484, 6, 'Іршава'),
(485, 24, 'Ічня'),
(486, 21, 'Чаплинка'),
(487, 22, 'Чемерівці'),
(488, 5, 'Червоноармійськ'),
(489, 13, 'Червоноград'),
(490, 23, 'Черкаси'),
(491, 25, 'Чернівці'),
(492, 24, 'Чернігів'),
(493, 7, 'Чернігівка'),
(494, 5, 'Черняхів'),
(495, 1, 'Чечельник'),
(496, 23, 'Чигирин'),
(497, 6, 'Чоп'),
(498, 23, 'Чорнобай'),
(499, 11, 'Чорноморське'),
(500, 16, 'Чорнухи'),
(501, 19, 'Чортків'),
(502, 20, 'Чугуїв'),
(503, 5, 'Чуднів'),
(504, 16, 'Чутове'),
(505, 3, 'Царичанка'),
(506, 2, 'Цумань'),
(507, 21, 'Цюрупинськ'),
(508, 20, 'Харків'),
(509, 4, 'Харцизьк'),
(510, 21, 'Херсон'),
(511, 22, 'Хмельницький'),
(512, 1, 'Хмільник'),
(513, 16, 'Хорол'),
(514, 25, 'Хотин'),
(515, 23, 'Христинівка'),
(516, 6, 'Хуст'),
(517, 9, 'Фастів'),
(518, 11, 'Феодосія'),
(519, 11, 'Форос'),
(520, 15, 'Фрунзівка'),
(521, 6, 'Ужгород'),
(522, 9, 'Узин'),
(523, 9, 'Українка'),
(524, 10, 'Ульянівка'),
(525, 23, 'Умань'),
(526, 10, 'Устинівка'),
(527, 24, 'Талалаївка'),
(528, 23, 'Тальне'),
(529, 9, 'Тараща'),
(530, 15, 'Тарутине'),
(531, 15, 'Татарбунари'),
(532, 4, 'Тельманове'),
(533, 22, 'Теофіполь'),
(534, 1, 'Теплик'),
(535, 15, 'Теплодар'),
(536, 19, 'Теребовля'),
(537, 3, 'Тернівка'),
(538, 19, 'Тернопіль'),
(539, 9, 'Тетіїв'),
(540, 1, 'Тиврів'),
(541, 8, 'Тисмениця'),
(542, 8, 'Тлумач'),
(543, 7, 'Токмак'),
(544, 3, 'Томаківка'),
(545, 1, 'Томашпіль'),
(546, 4, 'Торез'),
(547, 12, 'Троїцьке'),
(548, 1, 'Тростянець'),
(549, 18, 'Тростянець'),
(550, 13, 'Трускавець'),
(551, 1, 'Тульчин'),
(552, 2, 'Турійськ'),
(553, 13, 'Турка'),
(554, 6, 'Тячів'),
(555, 15, 'Саврань'),
(556, 11, 'Саки'),
(557, 13, 'Самбір'),
(558, 15, 'Сарата'),
(559, 17, 'Сарни'),
(560, 22, 'Сатанів'),
(561, 20, 'Сахновщина'),
(562, 6, 'Свалява'),
(563, 12, 'Сватове'),
(564, 12, 'Свердловськ'),
(565, 10, 'Світловодськ'),
(566, 4, 'Святогірськ'),
(567, 11, 'Севастополь'),
(568, 4, 'Селидове'),
(569, 16, 'Семенівка'),
(570, 24, 'Семенівка'),
(571, 15, 'Сергіївка'),
(572, 18, 'Середина-Буда'),
(573, 12, 'Сєвєродонецьк'),
(574, 3, 'Синельникове'),
(575, 4, 'Сіверськ'),
(576, 11, 'Сімеїз'),
(577, 11, 'Сімферополь'),
(578, 21, 'Скадовськ'),
(579, 9, 'Сквира'),
(580, 13, 'Сколе'),
(581, 13, 'Славське'),
(582, 22, 'Славута'),
(583, 9, 'Славутич'),
(584, 12, 'Слов’яносербськ'),
(585, 13, 'Радехів'),
(586, 17, 'Радивилів'),
(587, 5, 'Радомишль'),
(588, 2, 'Ратне'),
(589, 6, 'Рахів'),
(590, 15, 'Рені'),
(591, 16, 'Решетилівка'),
(592, 9, 'Ржищів'),
(593, 17, 'Рівне'),
(594, 24, 'Ріпки'),
(595, 12, 'Ровеньки'),
(596, 8, 'Рогатин'),
(597, 2, 'Рожище'),
(598, 8, 'Рожнятів'),
(599, 15, 'Роздільна'),
(600, 11, 'Роздольне'),
(601, 7, 'Розівка'),
(602, 9, 'Рокитне'),
(603, 17, 'Рокитне'),
(604, 18, 'Ромни'),
(605, 12, 'Рубіжне'),
(606, 5, 'Ружин'),
(607, 1, 'Вінниця'),
(608, 22, 'Віньківці'),
(609, 20, 'Вовчанськ'),
(610, 14, 'Вознесенськ'),
(611, 4, 'Волноваха'),
(612, 6, 'Воловець'),
(613, 9, 'Володарка'),
(614, 5, 'Володарськ-Волинський'),
(615, 4, 'Володарське'),
(616, 2, 'Володимир-Волинський'),
(617, 17, 'Володимирець'),
(618, 22, 'Волочиськ'),
(619, 9, 'Ворзель'),
(620, 8, 'Ворохта'),
(621, 14, 'Врадіївка'),
(622, 4, 'Вугледар'),
(623, 11, 'Щолкіне'),
(624, 24, 'Щорс'),
(625, 1, 'Шаргород'),
(626, 4, 'Шахтарськ'),
(627, 2, 'Шацьк'),
(628, 20, 'Шевченкове'),
(629, 22, 'Шепетівка'),
(630, 3, 'Широке'),
(631, 15, 'Ширяєве'),
(632, 16, 'Шишаки'),
(633, 18, 'Шостка'),
(634, 23, 'Шпола'),
(635, 19, 'Шумське');

-- --------------------------------------------------------

--
-- Структура таблицы `countries`
--

CREATE TABLE IF NOT EXISTS `countries` (
  `id` int(11) NOT NULL,
  `title` varchar(255) NOT NULL
) ENGINE=InnoDB AUTO_INCREMENT=3 DEFAULT CHARSET=utf8;

--
-- Дамп данных таблицы `countries`
--

INSERT INTO `countries` (`id`, `title`) VALUES
(1, 'Украина'),
(2, 'Россия');

-- --------------------------------------------------------

--
-- Структура таблицы `products`
--

CREATE TABLE IF NOT EXISTS `products` (
  `id` int(11) NOT NULL,
  `path_url` varchar(255) NOT NULL,
  `path_hash` varchar(155) NOT NULL,
  `category_id` int(11) DEFAULT NULL,
  `site_id` int(11) DEFAULT NULL,
  `date_create` datetime DEFAULT NULL,
  `date_update` datetime DEFAULT NULL,
  `title` varchar(255) DEFAULT NULL,
  `description` text COMMENT 'описание ',
  `address` tinytext COMMENT 'Первичный адресс, который нужно еще спарсить'
) ENGINE=InnoDB DEFAULT CHARSET=utf8;

-- --------------------------------------------------------

--
-- Структура таблицы `product_photos`
--

CREATE TABLE IF NOT EXISTS `product_photos` (
  `id` int(11) NOT NULL,
  `product_id` int(11) NOT NULL,
  `img_src` varchar(255) NOT NULL
) ENGINE=InnoDB DEFAULT CHARSET=utf8;

-- --------------------------------------------------------

--
-- Структура таблицы `product_properties`
--

CREATE TABLE IF NOT EXISTS `product_properties` (
  `id` int(11) NOT NULL,
  `product_id` int(11) DEFAULT NULL,
  `property_id` int(11) DEFAULT NULL,
  `value` varchar(255) DEFAULT NULL
) ENGINE=InnoDB DEFAULT CHARSET=utf8;

-- --------------------------------------------------------

--
-- Структура таблицы `properties`
--

CREATE TABLE IF NOT EXISTS `properties` (
  `id` int(11) NOT NULL,
  `title` varchar(255) DEFAULT NULL COMMENT 'name of property, example - «count rooms»'
) ENGINE=InnoDB AUTO_INCREMENT=12 DEFAULT CHARSET=utf8;

--
-- Дамп данных таблицы `properties`
--

INSERT INTO `properties` (`id`, `title`) VALUES
(1, 'Количество комнат'),
(2, 'Цена'),
(3, 'Валюта(грн,$, ...)'),
(4, 'Общая площадь'),
(5, 'Жилая площадь'),
(6, 'Этажей в доме'),
(7, 'Этаж квартиры'),
(8, 'Площадь кухни'),
(9, 'Стены'),
(10, 'Предоплата'),
(11, 'Посредник/Хазяин');

-- --------------------------------------------------------

--
-- Структура таблицы `proxies`
--

CREATE TABLE IF NOT EXISTS `proxies` (
  `id` int(11) NOT NULL,
  `ip` varchar(255) NOT NULL,
  `port` varchar(255) NOT NULL,
  `timeout` int(11) NOT NULL,
  `pinged_count` int(11) NOT NULL,
  `is_worked` tinyint(1) NOT NULL
) ENGINE=InnoDB AUTO_INCREMENT=965 DEFAULT CHARSET=utf8;

--
-- Дамп данных таблицы `proxies`
--

INSERT INTO `proxies` (`id`, `ip`, `port`, `timeout`, `pinged_count`, `is_worked`) VALUES
(1, '107.182.17.9', '7808', 8925, 7, 0),
(5, '162.208.49.45', '7808', 1879, 7, 0),
(87, '97.77.104.22', '3128', 2282, 7, 0),
(98, '216.56.4.84', '8080', 2215, 7, 0),
(100, '206.15.240.120', '8080', 940, 7, 0),
(104, '207.91.10.234', '8080', 336, 7, 0),
(115, '199.200.120.36', '3127', 11945, 7, 0),
(586, '107.182.17.149', '7808', 2147, 4, 0),
(667, '72.64.146.136', '3128', 26642, 4, 0),
(699, '199.200.120.37', '7808', 1476, 4, 0),
(813, '174.34.166.10', '3128', 26776, 2, 0),
(833, '54.88.83.35', '443', 40332, 2, 0),
(891, '173.214.169.69', '8080', 0, 0, 0),
(892, '192.157.232.166', '8080', 0, 0, 0),
(893, '104.40.224.226', '3128', 0, 0, 0),
(894, '107.150.17.30', '3128', 0, 0, 0),
(895, '63.159.217.49', '80', 0, 0, 0),
(896, '162.243.36.78', '8118', 0, 0, 0),
(897, '209.177.93.6', '80', 0, 0, 0),
(898, '72.233.95.23', '80', 0, 0, 0),
(899, '168.63.24.174', '8124', 0, 0, 0),
(900, '66.175.209.38', '8118', 0, 0, 0),
(901, '173.201.183.172', '8090', 0, 0, 0),
(902, '130.222.10.194', '9001', 0, 0, 0),
(903, '193.105.171.236', '8085', 0, 0, 0),
(904, '193.105.171.27', '8085', 0, 0, 0),
(905, '192.161.163.234', '8800', 0, 0, 0),
(906, '192.161.163.35', '8800', 0, 0, 0),
(907, '76.183.168.5', '8888', 0, 0, 0),
(908, '161.6.141.129', '21320', 0, 0, 0),
(909, '54.83.192.47', '80', 0, 0, 0),
(910, '173.230.131.45', '8888', 0, 0, 0),
(911, '91.218.121.48', '8085', 0, 0, 0),
(912, '184.20.87.12', '21320', 0, 0, 0),
(913, '193.105.171.33', '8085', 0, 0, 0),
(914, '91.218.123.138', '8085', 0, 0, 0),
(915, '91.218.122.149', '8085', 0, 0, 0),
(916, '91.218.121.159', '8085', 0, 0, 0),
(917, '91.218.122.112', '8085', 0, 0, 0),
(918, '91.218.122.236', '8085', 0, 0, 0),
(919, '192.161.163.140', '8800', 0, 0, 0),
(920, '198.55.109.69', '8800', 0, 0, 0),
(921, '192.161.163.231', '8800', 0, 0, 0),
(922, '192.161.163.203', '8800', 0, 0, 0),
(923, '91.218.122.239', '8085', 0, 0, 0),
(924, '193.105.171.165', '8085', 0, 0, 0),
(925, '91.218.123.92', '8085', 0, 0, 0),
(926, '91.218.122.142', '8085', 0, 0, 0),
(927, '192.161.163.135', '8800', 0, 0, 0),
(928, '198.55.109.16', '8800', 0, 0, 0),
(929, '192.161.162.226', '8800', 0, 0, 0),
(930, '168.213.3.106', '80', 0, 0, 0),
(931, '198.55.109.196', '8800', 0, 0, 0),
(932, '71.230.131.198', '3128', 0, 0, 0),
(933, '74.208.227.152', '80', 0, 0, 0),
(934, '192.161.162.128', '8800', 0, 0, 0),
(935, '198.55.109.48', '8800', 0, 0, 0),
(936, '192.161.162.72', '8800', 0, 0, 0),
(937, '107.150.97.140', '80', 0, 0, 0),
(938, '192.161.162.17', '8800', 0, 0, 0),
(939, '166.108.243.63', '80', 0, 0, 0),
(940, '192.161.162.144', '8800', 0, 0, 0),
(941, '206.181.83.254', '80', 0, 0, 0),
(942, '192.161.162.160', '8800', 0, 0, 0),
(943, '198.55.109.232', '8800', 0, 0, 0),
(944, '192.161.162.205', '8800', 0, 0, 0),
(945, '198.55.109.2', '8800', 0, 0, 0),
(946, '198.55.109.188', '8800', 0, 0, 0),
(947, '72.172.186.194', '80', 0, 0, 0),
(948, '192.161.163.208', '8800', 0, 0, 0),
(949, '91.218.122.124', '8085', 0, 0, 0),
(950, '192.161.163.242', '8800', 0, 0, 0),
(951, '91.218.122.198', '8085', 0, 0, 0),
(952, '91.218.121.242', '8085', 0, 0, 0),
(953, '91.218.121.229', '8085', 0, 0, 0),
(954, '91.218.120.45', '8085', 0, 0, 0),
(955, '91.218.123.67', '8085', 0, 0, 0),
(956, '91.218.122.93', '8085', 0, 0, 0),
(957, '91.218.120.183', '8085', 0, 0, 0),
(958, '91.218.123.249', '8085', 0, 0, 0),
(959, '54.148.71.141', '8888', 0, 0, 0),
(960, '216.26.147.201', '80', 0, 0, 0),
(961, '91.218.123.49', '8085', 0, 0, 0),
(962, '193.105.171.174', '8085', 0, 0, 0),
(963, '207.108.136.68', '443', 0, 0, 0),
(964, '50.194.152.93', '80', 0, 0, 0);

-- --------------------------------------------------------

--
-- Структура таблицы `regions`
--

CREATE TABLE IF NOT EXISTS `regions` (
  `id` int(11) NOT NULL,
  `country_id` int(11) NOT NULL,
  `title` varchar(255) NOT NULL
) ENGINE=InnoDB AUTO_INCREMENT=32 DEFAULT CHARSET=utf8;

--
-- Дамп данных таблицы `regions`
--

INSERT INTO `regions` (`id`, `country_id`, `title`) VALUES
(1, 1, 'Вінницька'),
(2, 1, 'Волинська'),
(3, 1, 'Дніпропетровська'),
(4, 1, 'Донецька'),
(5, 1, 'Житомирська'),
(6, 1, 'Закарпатська'),
(7, 1, 'Запорізька'),
(8, 1, 'Івано-Франківська'),
(9, 1, 'Київська'),
(10, 1, 'Кіровоградська'),
(11, 1, 'АР Крим'),
(12, 1, 'Луганська'),
(13, 1, 'Львівська'),
(14, 1, 'Миколаївська'),
(15, 1, 'Одеська'),
(16, 1, 'Полтавська'),
(17, 1, 'Рівненська'),
(18, 1, 'Сумська'),
(19, 1, 'Тернопільська'),
(20, 1, 'Харківська'),
(21, 1, 'Херсонська'),
(22, 1, 'Хмельницька'),
(23, 1, 'Черкаська'),
(24, 1, 'Чернігівська'),
(25, 1, 'Чернівецька');

-- --------------------------------------------------------

--
-- Структура таблицы `salesmans`
--

CREATE TABLE IF NOT EXISTS `salesmans` (
  `id` int(11) NOT NULL,
  `title` varchar(255) NOT NULL
) ENGINE=InnoDB DEFAULT CHARSET=utf8 COMMENT='продавцы';

-- --------------------------------------------------------

--
-- Структура таблицы `salesman_phones`
--

CREATE TABLE IF NOT EXISTS `salesman_phones` (
  `id` int(11) NOT NULL,
  `salesman_id` int(11) NOT NULL,
  `phone` varchar(255) NOT NULL
) ENGINE=InnoDB DEFAULT CHARSET=utf8;

-- --------------------------------------------------------

--
-- Структура таблицы `sites`
--

CREATE TABLE IF NOT EXISTS `sites` (
  `id` int(11) NOT NULL,
  `path` varchar(255) NOT NULL,
  `page` varchar(100) NOT NULL
) ENGINE=InnoDB AUTO_INCREMENT=3 DEFAULT CHARSET=utf8;

--
-- Дамп данных таблицы `sites`
--

INSERT INTO `sites` (`id`, `path`, `page`) VALUES
(1, 'http://www.lun.ua', 'page={n}'),
(2, 'http://dom.ria.com', 'page={n}');

--
-- Индексы сохранённых таблиц
--

--
-- Индексы таблицы `categories`
--
ALTER TABLE `categories`
  ADD PRIMARY KEY (`id`);

--
-- Индексы таблицы `categories_sites`
--
ALTER TABLE `categories_sites`
  ADD PRIMARY KEY (`id`), ADD KEY `fk_categories_sites_1_idx` (`site_id`), ADD KEY `fk_categories_sites_2_idx` (`category_id`);

--
-- Индексы таблицы `category_properties`
--
ALTER TABLE `category_properties`
  ADD PRIMARY KEY (`id`), ADD KEY `index3` (`property_id`), ADD KEY `index4` (`category_id`);

--
-- Индексы таблицы `cities`
--
ALTER TABLE `cities`
  ADD PRIMARY KEY (`id`), ADD KEY `region_id` (`region_id`);

--
-- Индексы таблицы `countries`
--
ALTER TABLE `countries`
  ADD PRIMARY KEY (`id`);

--
-- Индексы таблицы `products`
--
ALTER TABLE `products`
  ADD PRIMARY KEY (`id`), ADD KEY `fk_products_1_idx` (`site_id`), ADD KEY `fk_products_2_idx` (`category_id`);

--
-- Индексы таблицы `product_photos`
--
ALTER TABLE `product_photos`
  ADD PRIMARY KEY (`id`), ADD KEY `product_id` (`product_id`);

--
-- Индексы таблицы `product_properties`
--
ALTER TABLE `product_properties`
  ADD PRIMARY KEY (`id`), ADD KEY `index3` (`value`), ADD KEY `fk_product_properties_1_idx` (`product_id`), ADD KEY `fk_product_properties_2_idx` (`property_id`);

--
-- Индексы таблицы `properties`
--
ALTER TABLE `properties`
  ADD PRIMARY KEY (`id`);

--
-- Индексы таблицы `proxies`
--
ALTER TABLE `proxies`
  ADD PRIMARY KEY (`id`);

--
-- Индексы таблицы `regions`
--
ALTER TABLE `regions`
  ADD PRIMARY KEY (`id`), ADD KEY `country_id` (`country_id`);

--
-- Индексы таблицы `salesmans`
--
ALTER TABLE `salesmans`
  ADD PRIMARY KEY (`id`);

--
-- Индексы таблицы `salesman_phones`
--
ALTER TABLE `salesman_phones`
  ADD PRIMARY KEY (`id`), ADD KEY `salesman_id` (`salesman_id`);

--
-- Индексы таблицы `sites`
--
ALTER TABLE `sites`
  ADD PRIMARY KEY (`id`);

--
-- AUTO_INCREMENT для сохранённых таблиц
--

--
-- AUTO_INCREMENT для таблицы `categories`
--
ALTER TABLE `categories`
  MODIFY `id` int(11) NOT NULL AUTO_INCREMENT,AUTO_INCREMENT=2;
--
-- AUTO_INCREMENT для таблицы `categories_sites`
--
ALTER TABLE `categories_sites`
  MODIFY `id` int(11) NOT NULL AUTO_INCREMENT,AUTO_INCREMENT=3;
--
-- AUTO_INCREMENT для таблицы `category_properties`
--
ALTER TABLE `category_properties`
  MODIFY `id` int(11) NOT NULL AUTO_INCREMENT,AUTO_INCREMENT=6;
--
-- AUTO_INCREMENT для таблицы `cities`
--
ALTER TABLE `cities`
  MODIFY `id` int(11) NOT NULL AUTO_INCREMENT,AUTO_INCREMENT=1024;
--
-- AUTO_INCREMENT для таблицы `countries`
--
ALTER TABLE `countries`
  MODIFY `id` int(11) NOT NULL AUTO_INCREMENT,AUTO_INCREMENT=3;
--
-- AUTO_INCREMENT для таблицы `products`
--
ALTER TABLE `products`
  MODIFY `id` int(11) NOT NULL AUTO_INCREMENT;
--
-- AUTO_INCREMENT для таблицы `product_photos`
--
ALTER TABLE `product_photos`
  MODIFY `id` int(11) NOT NULL AUTO_INCREMENT;
--
-- AUTO_INCREMENT для таблицы `product_properties`
--
ALTER TABLE `product_properties`
  MODIFY `id` int(11) NOT NULL AUTO_INCREMENT;
--
-- AUTO_INCREMENT для таблицы `properties`
--
ALTER TABLE `properties`
  MODIFY `id` int(11) NOT NULL AUTO_INCREMENT,AUTO_INCREMENT=12;
--
-- AUTO_INCREMENT для таблицы `proxies`
--
ALTER TABLE `proxies`
  MODIFY `id` int(11) NOT NULL AUTO_INCREMENT,AUTO_INCREMENT=965;
--
-- AUTO_INCREMENT для таблицы `regions`
--
ALTER TABLE `regions`
  MODIFY `id` int(11) NOT NULL AUTO_INCREMENT,AUTO_INCREMENT=32;
--
-- AUTO_INCREMENT для таблицы `salesmans`
--
ALTER TABLE `salesmans`
  MODIFY `id` int(11) NOT NULL AUTO_INCREMENT;
--
-- AUTO_INCREMENT для таблицы `salesman_phones`
--
ALTER TABLE `salesman_phones`
  MODIFY `id` int(11) NOT NULL AUTO_INCREMENT;
--
-- AUTO_INCREMENT для таблицы `sites`
--
ALTER TABLE `sites`
  MODIFY `id` int(11) NOT NULL AUTO_INCREMENT,AUTO_INCREMENT=3;
--
-- Ограничения внешнего ключа сохраненных таблиц
--

--
-- Ограничения внешнего ключа таблицы `categories_sites`
--
ALTER TABLE `categories_sites`
ADD CONSTRAINT `fk_categories_sites_1` FOREIGN KEY (`site_id`) REFERENCES `sites` (`id`) ON DELETE NO ACTION ON UPDATE NO ACTION,
ADD CONSTRAINT `fk_categories_sites_2` FOREIGN KEY (`category_id`) REFERENCES `categories` (`id`) ON DELETE NO ACTION ON UPDATE NO ACTION;

--
-- Ограничения внешнего ключа таблицы `category_properties`
--
ALTER TABLE `category_properties`
ADD CONSTRAINT `fk_category_properties_2` FOREIGN KEY (`category_id`) REFERENCES `categories` (`id`) ON DELETE NO ACTION ON UPDATE NO ACTION,
ADD CONSTRAINT `fk_category_properties_1` FOREIGN KEY (`property_id`) REFERENCES `properties` (`id`) ON DELETE NO ACTION ON UPDATE NO ACTION;

--
-- Ограничения внешнего ключа таблицы `cities`
--
ALTER TABLE `cities`
ADD CONSTRAINT `cities_ibfk_1` FOREIGN KEY (`region_id`) REFERENCES `regions` (`id`);

--
-- Ограничения внешнего ключа таблицы `products`
--
ALTER TABLE `products`
ADD CONSTRAINT `fk_products_1` FOREIGN KEY (`site_id`) REFERENCES `sites` (`id`) ON DELETE NO ACTION ON UPDATE NO ACTION,
ADD CONSTRAINT `fk_products_2` FOREIGN KEY (`category_id`) REFERENCES `categories` (`id`) ON DELETE NO ACTION ON UPDATE NO ACTION;

--
-- Ограничения внешнего ключа таблицы `product_photos`
--
ALTER TABLE `product_photos`
ADD CONSTRAINT `product_photos_ibfk_1` FOREIGN KEY (`product_id`) REFERENCES `products` (`id`);

--
-- Ограничения внешнего ключа таблицы `product_properties`
--
ALTER TABLE `product_properties`
ADD CONSTRAINT `fk_product_properties_1` FOREIGN KEY (`product_id`) REFERENCES `products` (`id`) ON DELETE NO ACTION ON UPDATE NO ACTION,
ADD CONSTRAINT `fk_product_properties_2` FOREIGN KEY (`property_id`) REFERENCES `properties` (`id`) ON DELETE NO ACTION ON UPDATE NO ACTION;

--
-- Ограничения внешнего ключа таблицы `regions`
--
ALTER TABLE `regions`
ADD CONSTRAINT `regions_ibfk_1` FOREIGN KEY (`country_id`) REFERENCES `countries` (`id`);

--
-- Ограничения внешнего ключа таблицы `salesman_phones`
--
ALTER TABLE `salesman_phones`
ADD CONSTRAINT `salesman_phones_ibfk_1` FOREIGN KEY (`salesman_id`) REFERENCES `salesmans` (`id`);

/*!40101 SET CHARACTER_SET_CLIENT=@OLD_CHARACTER_SET_CLIENT */;
/*!40101 SET CHARACTER_SET_RESULTS=@OLD_CHARACTER_SET_RESULTS */;
/*!40101 SET COLLATION_CONNECTION=@OLD_COLLATION_CONNECTION */;
